FullAccuracy,ShortAccuracy,MatchingAccuracy
97.5805747226832,99.0654205607477,100
